"source_video","frame_idx","timestamp_ms","landmark_id","x","y","z","world_x","world_y","world_z","visibility","presence"
"fall-01-cam0.mp4","1","33","0","0.6172115206718445","0.5502452850341797","-0.12100448459386826","0.3750496506690979","-0.3089500069618225","-0.41035938262939453","0.9982107877731323","0.9975377321243286"
"fall-01-cam0.mp4","1","33","1","0.6211497783660889","0.5492404699325562","-0.1202298179268837","0.41034746170043945","-0.306837260723114","-0.4142596423625946","0.9982534050941467","0.9972752928733826"
"fall-01-cam0.mp4","1","33","2","0.6215296983718872","0.5510337948799133","-0.1203346699476242","0.40926218032836914","-0.3034723699092865","-0.40308597683906555","0.9982264637947083","0.9979017972946167"
"fall-01-cam0.mp4","1","33","3","0.6218428611755371","0.5530575513839722","-0.1203799843788147","0.4075019359588623","-0.30571138858795166","-0.40542930364608765","0.9988582134246826","0.9975320100784302"
"fall-01-cam0.mp4","1","33","4","0.620141327381134","0.5436935424804688","-0.11906091123819351","0.4127112329006195","-0.3192223310470581","-0.4180978834629059","0.9983036518096924","0.9952895641326904"
"fall-01-cam0.mp4","1","33","5","0.6198668479919434","0.5419719815254211","-0.11913558095693588","0.41262543201446533","-0.31755590438842773","-0.43152138590812683","0.9983243346214294","0.9958329796791077"
"fall-01-cam0.mp4","1","33","6","0.6196078062057495","0.540098249912262","-0.11919242143630981","0.4077216684818268","-0.30584535002708435","-0.4092405140399933","0.9986542463302612","0.9947630763053894"
"fall-01-cam0.mp4","1","33","7","0.6213752627372742","0.5571014285087585","-0.10497443377971649","0.41184166073799133","-0.25954002141952515","-0.3554159104824066","0.9995443224906921","0.9983025789260864"
"fall-01-cam0.mp4","1","33","8","0.6182295680046082","0.5384899377822876","-0.09965340793132782","0.3477224111557007","-0.2985804080963135","-0.34007057547569275","0.9972996115684509","0.9939555525779724"
"fall-01-cam0.mp4","1","33","9","0.6144636273384094","0.5574989914894104","-0.11374642699956894","0.38110703229904175","-0.2803903818130493","-0.37990567088127136","0.9989783763885498","0.9993009567260742"
"fall-01-cam0.mp4","1","33","10","0.6134068965911865","0.5512248277664185","-0.11276724189519882","0.3479122519493103","-0.276739239692688","-0.40168821811676025","0.9985904097557068","0.9983332753181458"
"fall-01-cam0.mp4","1","33","11","0.610716700553894","0.5975081920623779","-0.09040682762861252","0.34558606147766113","-0.14201314747333527","-0.2581360638141632","0.9999822378158569","0.9999756813049316"
"fall-01-cam0.mp4","1","33","12","0.5953583717346191","0.5518515706062317","-0.07885529100894928","0.262938529253006","-0.3057299852371216","-0.1803191751241684","0.999894380569458","0.9997310042381287"
"fall-01-cam0.mp4","1","33","13","0.5962949395179749","0.6636098623275757","-0.08569548279047012","0.2470415234565735","0.03455384820699692","-0.2504057288169861","0.936286449432373","0.9997963309288025"
"fall-01-cam0.mp4","1","33","14","0.5774679780006409","0.6322005987167358","-0.09322398155927658","0.09689449518918991","-0.022121451795101166","-0.2447902113199234","0.7014073729515076","0.9980975985527039"
"fall-01-cam0.mp4","1","33","15","0.5773093700408936","0.7284665703773499","-0.09244951605796814","0.09161463379859924","0.21603283286094666","-0.17060978710651398","0.7639669179916382","0.9994175434112549"
"fall-01-cam0.mp4","1","33","16","0.5686324238777161","0.6983050107955933","-0.12506259977817535","0.028071749955415726","0.15922515094280243","-0.31883949041366577","0.7979679703712463","0.9997536540031433"
"fall-01-cam0.mp4","1","33","17","0.5739266872406006","0.7486782073974609","-0.09904643148183823","0.0680447593331337","0.24584396183490753","-0.1579398512840271","0.6928368210792542","0.9980010390281677"
"fall-01-cam0.mp4","1","33","18","0.5679275393486023","0.7081310749053955","-0.1377125382423401","0.03329271823167801","0.212851881980896","-0.37138161063194275","0.7579541802406311","0.9995393753051758"
"fall-01-cam0.mp4","1","33","19","0.5716139078140259","0.7457583546638489","-0.10726312547922134","0.0350814014673233","0.24163083732128143","-0.17810213565826416","0.6998588442802429","0.9978210926055908"
"fall-01-cam0.mp4","1","33","20","0.5677804946899414","0.7161824107170105","-0.14212626218795776","0.08936290442943573","0.22603073716163635","-0.3786863386631012","0.7750145792961121","0.9995854496955872"
"fall-01-cam0.mp4","1","33","21","0.5718865394592285","0.737206220626831","-0.09531345218420029","0.057967789471149445","0.2430882602930069","-0.17618918418884277","0.6595252156257629","0.9988351464271545"
"fall-01-cam0.mp4","1","33","22","0.5696361064910889","0.7120910286903381","-0.12794817984104156","0.0424308180809021","0.17608757317066193","-0.3327491283416748","0.6960470676422119","0.9997666478157043"
"fall-01-cam0.mp4","1","33","23","0.5759806036949158","0.653859555721283","-0.0049632154405117035","0.048370879143476486","0.043244168162345886","0.012916497886180878","0.9999649524688721","0.9999817609786987"
"fall-01-cam0.mp4","1","33","24","0.5658687353134155","0.6274111270904541","0.004870008677244186","-0.04535173624753952","-0.04191248491406441","-0.01116714533418417","0.9999475479125977","0.9999452829360962"
"fall-01-cam0.mp4","1","33","25","0.5705825686454773","0.6723684668540955","-0.03085491620004177","-0.026098687201738358","0.10695243626832962","-0.09631571173667908","0.9350706934928894","0.99986732006073"
"fall-01-cam0.mp4","1","33","26","0.5477763414382935","0.6566674709320068","-0.03108302317559719","-0.16686105728149414","0.05651697516441345","-0.09004523605108261","0.8795416951179504","0.999653697013855"
"fall-01-cam0.mp4","1","33","27","0.5641465783119202","0.692317545413971","0.05844658613204956","-0.06669730693101883","0.1964748501777649","0.2015707641839981","0.5131730437278748","0.9997517466545105"
"fall-01-cam0.mp4","1","33","28","0.5440919399261475","0.6691445708274841","0.046865034848451614","-0.25649866461753845","0.11386533081531525","0.18620717525482178","0.5083105564117432","0.9985929131507874"
"fall-01-cam0.mp4","1","33","29","0.5629065036773682","0.6939077973365784","0.06723987311124802","-0.0808398425579071","0.19339041411876678","0.2434798628091812","0.31978297233581543","0.9993821382522583"
"fall-01-cam0.mp4","1","33","30","0.5443801879882812","0.6755766272544861","0.05528384447097778","-0.26107704639434814","0.11155187338590622","0.17726460099220276","0.34177759289741516","0.9987207055091858"
"fall-01-cam0.mp4","1","33","31","0.559980034828186","0.7084827423095703","0.06510701030492783","-0.10321080684661865","0.22197824716567993","0.2934046685695648","0.4552455246448517","0.9984791874885559"
"fall-01-cam0.mp4","1","33","32","0.5361814498901367","0.6650218367576599","0.052933674305677414","-0.27945807576179504","0.091740183532238","0.20605820417404175","0.43124717473983765","0.9952999353408813"
"fall-01-cam0.mp4","6","200","0","0.555427074432373","0.7102969884872437","-0.12559077143669128","-0.055772531777620316","0.1154240071773529","-0.35810136795043945","0.9983569979667664","0.9999947547912598"
"fall-01-cam0.mp4","6","200","1","0.5563597083091736","0.7166715264320374","-0.13347138464450836","-0.06627778708934784","0.15263184905052185","-0.39937782287597656","0.9984024167060852","0.9999949932098389"
"fall-01-cam0.mp4","6","200","2","0.5568011999130249","0.7188546657562256","-0.13356541097164154","-0.06824474781751633","0.15623806416988373","-0.38322335481643677","0.9983739256858826","0.999995231628418"
"fall-01-cam0.mp4","6","200","3","0.5571154356002808","0.7212328314781189","-0.13359615206718445","-0.06918461620807648","0.15439952909946442","-0.39095214009284973","0.9989461898803711","0.999993085861206"
"fall-01-cam0.mp4","6","200","4","0.5551078915596008","0.7096309661865234","-0.13500268757343292","-0.0745072066783905","0.13203775882720947","-0.40288183093070984","0.9984562397003174","0.9999904632568359"
"fall-01-cam0.mp4","6","200","5","0.5547670722007751","0.7074168920516968","-0.1350620537996292","-0.07055208832025528","0.13658306002616882","-0.4168773889541626","0.998476505279541","0.9999878406524658"
"fall-01-cam0.mp4","6","200","6","0.5544847249984741","0.7050943374633789","-0.13509893417358398","-0.07744302600622177","0.14694803953170776","-0.3959154784679413","0.9987689852714539","0.9999780654907227"
"fall-01-cam0.mp4","6","200","7","0.5608961582183838","0.7215481996536255","-0.13798171281814575","0.005365852732211351","0.1742917150259018","-0.42130976915359497","0.9995681643486023","0.9999921321868896"
"fall-01-cam0.mp4","6","200","8","0.5558953285217285","0.693134605884552","-0.14498884975910187","-0.10015224665403366","0.10240273922681808","-0.421895831823349","0.9974699020385742","0.9999648332595825"
"fall-01-cam0.mp4","6","200","9","0.5573279857635498","0.7090927362442017","-0.12187089771032333","-0.001028583967126906","0.12136795371770859","-0.34327971935272217","0.9988862872123718","0.9999727010726929"
"fall-01-cam0.mp4","6","200","10","0.5563423037528992","0.7012453079223633","-0.12450666725635529","-0.04253687709569931","0.11199513077735901","-0.377530962228775","0.9984845519065857","0.999931812286377"
"fall-01-cam0.mp4","6","200","11","0.5744141340255737","0.7040470242500305","-0.11812905967235565","0.1262625902891159","0.12317170947790146","-0.31331852078437805","0.9999836087226868","0.9999960660934448"
"fall-01-cam0.mp4","6","200","12","0.5602684020996094","0.65765380859375","-0.12354747951030731","0.08626618981361389","-0.034343741834163666","-0.26548221707344055","0.9998906850814819","0.9999011754989624"
"fall-01-cam0.mp4","6","200","13","0.5863479375839233","0.7243950963020325","-0.12152116000652313","0.22708220779895782","0.1819559782743454","-0.30573463439941406","0.9105719327926636","0.9998974800109863"
"fall-01-cam0.mp4","6","200","14","0.5661525726318359","0.677486002445221","-0.16734646260738373","0.04256133362650871","0.08192001283168793","-0.3944621980190277","0.6384372711181641","0.9958391189575195"
"fall-01-cam0.mp4","6","200","15","0.5878499150276184","0.7672535181045532","-0.14299710094928741","0.19813883304595947","0.28212466835975647","-0.2746026813983917","0.7402218580245972","0.9995248317718506"
"fall-01-cam0.mp4","6","200","16","0.5633988380432129","0.7006267309188843","-0.2191881686449051","-0.00917588546872139","0.09282993525266647","-0.5286240577697754","0.7245357632637024","0.9959967136383057"
"fall-01-cam0.mp4","6","200","17","0.5852774977684021","0.787640392780304","-0.15077553689479828","0.20656368136405945","0.3088243007659912","-0.27539968490600586","0.6897599697113037","0.9991449117660522"
"fall-01-cam0.mp4","6","200","18","0.5603297352790833","0.701188862323761","-0.2346360981464386","-0.013859925791621208","0.11135108768939972","-0.6013258695602417","0.694200873374939","0.9961269497871399"
"fall-01-cam0.mp4","6","200","19","0.5858048796653748","0.7849830389022827","-0.16004537045955658","0.18139852583408356","0.30932101607322693","-0.3117031157016754","0.6937982439994812","0.999005138874054"
"fall-01-cam0.mp4","6","200","20","0.5607832670211792","0.7058966755867004","-0.23697276413440704","0.016766877844929695","0.13402874767780304","-0.6042313575744629","0.7072775959968567","0.9967868328094482"
"fall-01-cam0.mp4","6","200","21","0.5823493003845215","0.7763882279396057","-0.14704981446266174","0.17615099251270294","0.3126949071884155","-0.2841419577598572","0.6592362523078918","0.9992634654045105"
"fall-01-cam0.mp4","6","200","22","0.5623398423194885","0.7054193615913391","-0.22183844447135925","-0.010499256663024426","0.10018103569746017","-0.5509741306304932","0.636114776134491","0.9970486760139465"
"fall-01-cam0.mp4","6","200","23","0.5646605491638184","0.6805256605148315","-0.0013941427459940314","0.043275006115436554","0.044595204293727875","0.016087332740426064","0.9999671578407288","0.9999984502792358"
"fall-01-cam0.mp4","6","200","24","0.5583457946777344","0.6479711532592773","0.0013045227387920022","-0.037592604756355286","-0.04445919394493103","-0.017592867836356163","0.9999468922615051","0.9999939203262329"
"fall-01-cam0.mp4","6","200","25","0.5558302402496338","0.7303586602210999","-0.06158300116658211","-0.09274742752313614","0.22543878853321075","-0.11671644449234009","0.913358211517334","0.9999598264694214"
"fall-01-cam0.mp4","6","200","26","0.5371291637420654","0.6118471622467041","-0.06594328582286835","-0.19408661127090454","-0.1424771249294281","-0.12132041901350021","0.8268667459487915","0.999850869178772"
"fall-01-cam0.mp4","6","200","27","0.5233576893806458","0.7600100040435791","-0.056251250207424164","-0.383174329996109","0.3602905571460724","-0.0826665535569191","0.5131178498268127","0.999137282371521"
"fall-01-cam0.mp4","6","200","28","0.528677225112915","0.6141244769096375","-0.06221448630094528","-0.30486366152763367","-0.15259197354316711","-0.0558282807469368","0.4719821810722351","0.9991948008537292"
"fall-01-cam0.mp4","6","200","29","0.5169330835342407","0.765563428401947","-0.05790693312883377","-0.4159836769104004","0.3526977598667145","-0.06317707151174545","0.33872249722480774","0.9955611228942871"
"fall-01-cam0.mp4","6","200","30","0.5252999067306519","0.6235496997833252","-0.06312282383441925","-0.3090643882751465","-0.16304664313793182","-0.09307646006345749","0.3341056704521179","0.9989246726036072"
"fall-01-cam0.mp4","6","200","31","0.5202114582061768","0.7654155492782593","-0.09047812968492508","-0.40004900097846985","0.3480970859527588","-0.10072658210992813","0.46162518858909607","0.9986929297447205"
"fall-01-cam0.mp4","6","200","32","0.5293898582458496","0.5882517695426941","-0.08846013993024826","-0.2506808638572693","-0.24080286920070648","-0.12745584547519684","0.4084138572216034","0.999448835849762"
"fall-01-cam0.mp4","9","300","0","0.6124244928359985","0.5657970309257507","-0.12021706998348236","0.3405908942222595","-0.24440708756446838","-0.41732874512672424","0.9983929395675659","0.996985137462616"
"fall-01-cam0.mp4","9","300","1","0.6160171031951904","0.5637010335922241","-0.12074226140975952","0.36970430612564087","-0.24584512412548065","-0.425523579120636","0.9984527230262756","0.99689781665802"
"fall-01-cam0.mp4","9","300","2","0.6163083910942078","0.5653225779533386","-0.1208462119102478","0.36744847893714905","-0.24284246563911438","-0.4129684567451477","0.9984235763549805","0.9976200461387634"
"fall-01-cam0.mp4","9","300","3","0.6165375709533691","0.5671544671058655","-0.12088648974895477","0.36643269658088684","-0.24551038444042206","-0.41587746143341064","0.9989812970161438","0.9971387386322021"
"fall-01-cam0.mp4","9","300","4","0.6152005195617676","0.5581661462783813","-0.12136194854974747","0.37714555859565735","-0.2567421793937683","-0.4335622489452362","0.9985241293907166","0.9952232241630554"
"fall-01-cam0.mp4","9","300","5","0.6149386167526245","0.5561879873275757","-0.12144245207309723","0.3763410747051239","-0.2546730935573578","-0.44850194454193115","0.998548686504364","0.9960297346115112"
"fall-01-cam0.mp4","9","300","6","0.6146894097328186","0.5540873408317566","-0.12150420993566513","0.37040892243385315","-0.2431071698665619","-0.42568400502204895","0.9988312721252441","0.9952687621116638"
"fall-01-cam0.mp4","9","300","7","0.6156736612319946","0.5689348578453064","-0.10886631906032562","0.3563660979270935","-0.21682681143283844","-0.3949736952781677","0.9995914697647095","0.9985190033912659"
"fall-01-cam0.mp4","9","300","8","0.6130063533782959","0.5503891110420227","-0.11199332773685455","0.3013383448123932","-0.25029662251472473","-0.4112167954444885","0.9976243376731873","0.996126115322113"
"fall-01-cam0.mp4","9","300","9","0.6096066832542419","0.5721865296363831","-0.1136149913072586","0.33938392996788025","-0.2232857644557953","-0.3870365619659424","0.9989326596260071","0.9991661310195923"
"fall-01-cam0.mp4","9","300","10","0.608672559261322","0.5656391978263855","-0.11500849574804306","0.30991244316101074","-0.218531534075737","-0.4179379940032959","0.9985609650611877","0.9983546137809753"
"fall-01-cam0.mp4","9","300","11","0.6045337319374084","0.6062409281730652","-0.09086041897535324","0.28563880920410156","-0.10812561213970184","-0.2860531210899353","0.9999836683273315","0.9999803304672241"
"fall-01-cam0.mp4","9","300","12","0.5915807485580444","0.5601310729980469","-0.0949832871556282","0.2303299456834793","-0.274873286485672","-0.2526160478591919","0.9998924732208252","0.9998396635055542"
"fall-01-cam0.mp4","9","300","13","0.5876622796058655","0.6695477962493896","-0.07299870252609253","0.19735655188560486","0.054258089512586594","-0.24258065223693848","0.9102753400802612","0.9996019005775452"
"fall-01-cam0.mp4","9","300","14","0.5734851360321045","0.6358421444892883","-0.10236372798681259","0.0684720128774643","0.00733292568475008","-0.30247512459754944","0.6376805305480957","0.9968043565750122"
"fall-01-cam0.mp4","9","300","15","0.570336103439331","0.713601291179657","-0.06774446368217468","0.05794849991798401","0.17269393801689148","-0.13324685394763947","0.7195796966552734","0.9977591037750244"
"fall-01-cam0.mp4","9","300","16","0.563786506652832","0.7016184329986572","-0.12207482010126114","-0.005729140248149633","0.17321032285690308","-0.3471011817455292","0.7141149640083313","0.9987126588821411"
"fall-01-cam0.mp4","9","300","17","0.5665974617004395","0.7260409593582153","-0.0727359727025032","0.03362753242254257","0.17569087445735931","-0.11600876599550247","0.6688019633293152","0.9940231442451477"
"fall-01-cam0.mp4","9","300","18","0.5601691007614136","0.7171409130096436","-0.13415545225143433","-0.01158734317868948","0.2241337150335312","-0.4020516276359558","0.6846248507499695","0.9979501366615295"
"fall-01-cam0.mp4","9","300","19","0.5665416717529297","0.7213037610054016","-0.07967651635408401","0.018033308908343315","0.161440908908844","-0.13065561652183533","0.673173725605011","0.9931480288505554"
"fall-01-cam0.mp4","9","300","20","0.5631425976753235","0.7174562811851501","-0.13778270781040192","0.038122694939374924","0.22696124017238617","-0.40732541680336","0.6979088187217712","0.9980888962745667"
"fall-01-cam0.mp4","9","300","21","0.5673689842224121","0.7156025171279907","-0.06996259838342667","0.034285690635442734","0.18968847393989563","-0.13595415651798248","0.639905571937561","0.9958652257919312"
"fall-01-cam0.mp4","9","300","22","0.5649295449256897","0.7126463651657104","-0.12429726123809814","-0.0055090924724936485","0.18326814472675323","-0.36018067598342896","0.6253006458282471","0.9988238215446472"
"fall-01-cam0.mp4","9","300","23","0.5732189416885376","0.6573848724365234","0.0011334138689562678","0.043440911918878555","0.04379259794950485","0.022447818890213966","0.9999654293060303","0.999969482421875"
"fall-01-cam0.mp4","9","300","24","0.5641698837280273","0.6317214369773865","-0.001206816523335874","-0.03859277442097664","-0.04353996366262436","-0.02231905609369278","0.999944806098938","0.9999220371246338"
"fall-01-cam0.mp4","9","300","25","0.5735043287277222","0.692112922668457","0.023479489609599113","0.01742166467010975","0.21649609506130219","0.030809644609689713","0.9159278273582458","0.9994667172431946"
"fall-01-cam0.mp4","9","300","26","0.5499060153961182","0.6542656421661377","0.00471453694626689","-0.14012736082077026","0.01606123335659504","-0.02123069018125534","0.8280797004699707","0.9988893866539001"
"fall-01-cam0.mp4","9","300","27","0.5576270222663879","0.6840578317642212","0.11822223663330078","-0.13832762837409973","0.1753547042608261","0.3443557322025299","0.5111746788024902","0.998824417591095"
"fall-01-cam0.mp4","9","300","28","0.5435155034065247","0.6546221375465393","0.0954747349023819","-0.2683352828025818","0.02265670895576477","0.30441081523895264","0.46361231803894043","0.9916320443153381"
"fall-01-cam0.mp4","9","300","29","0.5544321537017822","0.6802931427955627","0.12783746421337128","-0.16384537518024445","0.16126182675361633","0.39014777541160583","0.3348267674446106","0.9970136880874634"
"fall-01-cam0.mp4","9","300","30","0.5429691672325134","0.6585270166397095","0.10545800626277924","-0.27683448791503906","0.014442277140915394","0.29923173785209656","0.3237781822681427","0.9918661713600159"
"fall-01-cam0.mp4","9","300","31","0.5535013675689697","0.6973122358322144","0.12681590020656586","-0.1816675215959549","0.18747809529304504","0.4362577795982361","0.4551824629306793","0.9912759065628052"
"fall-01-cam0.mp4","9","300","32","0.537102460861206","0.6506265997886658","0.1045183539390564","-0.25732240080833435","-0.005006362684071064","0.32091715931892395","0.3983596861362457","0.9713852405548096"
